order_item_id,price,freight_value,freight_ratio,total_price,product_weight_g,product_length_cm,product_height_cm,product_width_cm,order_purchase_dayofweek,order_purchase_month,expected_delivery_days,main_category,sub_category,distance_km,distance_cat,cross_state,is_sp_customer,is_sp_seller,sp_route_type,sp_route_type_customer,sp_route_type_seller,review_risk_probability,predicted_delivery_days_p90,recommended_expected_days,adjustment_days,risk_level
4,89.99,36.29,0.40326702966996336,126.28,9000.0,52.0,51.0,17.0,thursday,3,33,Home & Living,Furniture & Decor,322.21161260591015,Mid-Haul,1,0,1,1,0,1,0.9048312027273426,30.353708468928392,33.0,0.0,고위험
2,98.0,86.36,0.8812244897959184,184.36,18800.0,35.0,92.0,35.0,friday,3,31,Home & Living,Kitchen & Housewares,1465.150062012365,Long-Haul,1,0,1,1,0,1,0.8951401430715314,28.16336733454643,31.0,0.0,고위험
3,89.99,36.29,0.40326702966996336,126.28,9000.0,52.0,51.0,17.0,thursday,3,33,Home & Living,Furniture & Decor,322.21161260591015,Mid-Haul,1,0,1,1,0,1,0.8947640566526386,31.698734924870124,33.0,0.0,고위험
2,79.9,3.29,0.041176470588235294,83.19000000000001,1100.0,39.0,17.0,33.0,wednesday,10,26,Home & Living,Furniture & Decor,496.26912371681954,Mid-Haul,1,0,1,1,0,1,0.892855297590536,15.884205697468833,26.0,0.0,고위험
2,89.99,36.29,0.40326702966996336,126.28,9000.0,52.0,51.0,17.0,thursday,3,33,Home & Living,Furniture & Decor,322.21161260591015,Mid-Haul,1,0,1,1,0,1,0.8851331019224828,32.91550994194411,33.0,0.0,고위험
2,18.9,20.74,1.0973544973544973,39.64,250.0,39.0,9.0,11.0,tuesday,2,22,Electronics & Tech,IT & Computers,660.6653233822378,Mid-Haul,1,0,1,1,0,1,0.878598709811435,31.501373598120814,32.0,10.0,고위험
2,89.9,2.29,0.02547274749721913,92.19000000000001,1383.0,50.0,10.0,40.0,saturday,11,25,Home & Living,Furniture & Decor,411.96298700113823,Mid-Haul,1,0,1,1,0,1,0.8751596955453963,27.217154245234067,28.0,3.0,고위험
4,12.49,0.58,0.04643714971977582,13.07,150.0,16.0,2.0,11.0,tuesday,3,27,DIY & Industry,Garden & Agro,538.5607642604743,Mid-Haul,1,1,0,1,1,0,0.8734221398474445,19.069338428177325,27.0,0.0,고위험
5,12.49,0.58,0.04643714971977582,13.07,150.0,16.0,2.0,11.0,tuesday,3,27,DIY & Industry,Garden & Agro,538.5607642604743,Mid-Haul,1,1,0,1,1,0,0.8732285564918955,19.257369868406094,27.0,0.0,고위험
3,7.8,3.08,0.3948717948717949,10.879999999999999,200.0,20.0,85.0,30.0,wednesday,2,26,Home & Living,Furniture & Decor,287.7333774431209,Mid-Haul,0,1,1,2,2,2,0.8704944592903017,15.074356082974594,26.0,0.0,고위험
2,20.3,1.98,0.09753694581280788,22.28,200.0,16.0,2.0,20.0,friday,11,24,Health & Beauty & Fashion,Fashion Accessories,388.5896115950837,Mid-Haul,1,0,1,1,0,1,0.8682518871885816,21.765609135928056,24.0,0.0,고위험
2,149.99,82.5,0.550036669111274,232.49,8267.0,52.0,52.0,17.0,monday,6,64,Home & Living,Furniture & Decor,2360.2495423759847,Continental,1,0,1,1,0,1,0.8678993014247194,37.51305164518178,64.0,0.0,고위험
2,43.99,21.19,0.48170038645146623,65.18,8900.0,37.0,41.0,37.0,friday,11,25,Home & Living,Furniture & Decor,330.6550483325381,Mid-Haul,1,0,1,1,0,1,0.8672366390353762,32.97289980167652,33.0,8.0,고위험
1,10.9,3.48,0.3192660550458715,14.38,100.0,80.0,10.0,60.0,sunday,11,30,Home & Living,Furniture & Decor,1824.057243406548,Continental,1,0,1,1,0,1,0.8645581098234572,35.25043863774137,36.0,6.0,고위험
3,460.0,237.11,0.5154565217391305,697.11,30000.0,48.0,52.0,75.0,sunday,2,29,Home & Living,Furniture & Decor,1547.0140799344013,Continental,1,0,0,0,0,0,0.8627954499468999,35.14855936617715,36.0,7.0,고위험
3,20.3,3.33,0.16403940886699508,23.630000000000003,4600.0,16.0,2.0,11.0,sunday,12,25,Health & Beauty & Fashion,Fashion Accessories,344.3710819819164,Mid-Haul,0,1,1,2,2,2,0.8620819727690769,12.220401039051332,25.0,0.0,고위험
2,176.94,45.95,0.25969255114728157,222.89,12475.0,53.0,54.0,18.0,saturday,1,67,Home & Living,Furniture & Decor,330.4515377258483,Mid-Haul,1,0,1,1,0,1,0.8584012294958534,60.9675456881351,67.0,0.0,고위험
2,460.0,237.11,0.5154565217391305,697.11,30000.0,48.0,52.0,75.0,sunday,2,29,Home & Living,Furniture & Decor,1547.0140799344013,Continental,1,0,0,0,0,0,0.8538313533989671,34.42892580178421,35.0,6.0,고위험
2,146.94,52.85,0.35967061385599564,199.79,13350.0,57.0,56.0,22.0,friday,3,40,Home & Living,Furniture & Decor,2353.8202267660313,Continental,1,0,1,1,0,1,0.8518004111561484,41.02521292811495,42.0,2.0,고위험
2,116.99,57.08,0.4879049491409522,174.07,8683.0,54.0,64.0,31.0,thursday,3,38,Home & Living,Furniture & Decor,463.116808444451,Mid-Haul,1,0,1,1,0,1,0.8515260524067249,31.995816435709543,38.0,0.0,고위험
