variant,split,unit,month,positive_threshold,risk_threshold,accuracy,balanced_acc,risk_precision,risk_recall,risk_pr_auc,flagged_rate,macro_f1,n,orders,risk_n,risk_rate,flagged_n,tn,fp,fn,tp
baseline,valid,item,2018-01,0.5599999999999998,0.44000000000000017,0.5748711519710266,0.5835773199300457,0.2350983358547655,0.5972328977709455,0.29216118910493405,0.46037052514277754,0.5122122872153417,7179,6321,1301,0.1812230115614988,3305,3350,2528,524,777
baseline,valid,item,2018-02,0.5599999999999998,0.44000000000000017,0.5705249841872233,0.5767726601541439,0.2670281260589631,0.5876211782252051,0.3281216453993018,0.46663504111321946,0.5210794393211322,6324,5536,1341,0.2120493358633776,2951,2820,2163,553,788
baseline,valid,item,2018-03,0.5599999999999998,0.44000000000000017,0.5409319899244333,0.5732221446507161,0.189446916719644,0.6195426195426196,0.2709104737790361,0.4952770780856423,0.47546899148762833,3176,2764,481,0.15144836272040302,1573,1420,1275,183,298
baseline,valid,order_max,2018-01,0.5599999999999998,0.44000000000000017,0.5775984812529663,0.5703558264758286,0.18936399568810636,0.5600425079702445,0.2409821121030732,0.4402784369561778,0.4918172590030807,6321,6321,941,0.14886884986552762,2783,3124,2256,414,527
baseline,valid,order_max,2018-02,0.5599999999999998,0.44000000000000017,0.571893063583815,0.5648917263068386,0.22163907953169157,0.5539858728557013,0.2766563198865909,0.4474349710982659,0.5024654661815217,5536,5536,991,0.17901011560693642,2477,2617,1928,442,549
baseline,valid,order_max,2018-03,0.5599999999999998,0.44000000000000017,0.5510130246020261,0.5621631048259242,0.15081206496519722,0.5769230769230769,0.2214480493546505,0.4678002894356006,0.4603335081286097,2764,2764,338,0.12228654124457308,1293,1328,1098,143,195
baseline,valid,order_mean,2018-01,0.5599999999999998,0.44000000000000017,0.5826609713652903,0.5649999604944514,0.1872465904902322,0.5398512221041445,0.2204862089917688,0.42920423983546907,0.4922745013785942,6321,6321,941,0.14886884986552762,2713,3175,2205,433,508
baseline,valid,order_mean,2018-02,0.5599999999999998,0.44000000000000017,0.5791184971098265,0.5614015690166393,0.22069253233208178,0.5338042381432896,0.25845725697946786,0.43298410404624277,0.5045255723879547,5536,5536,991,0.17901011560693642,2397,2677,1868,462,529
baseline,valid,order_mean,2018-03,0.5599999999999998,0.44000000000000017,0.5531837916063675,0.550667814650946,0.14601420678768745,0.5473372781065089,0.1772642398759201,0.45839363241678727,0.45785975035000076,2764,2764,338,0.12228654124457308,1267,1344,1082,153,185
baseline,test,item,2018-04,0.5599999999999998,0.44000000000000017,0.4712290502793296,0.5872266579332723,0.19019111213446926,0.754337899543379,0.2417098256236821,0.6065642458100559,0.43876640475809725,7160,6244,1095,0.15293296089385475,4343,2548,3517,269,826
baseline,test,item,2018-05,0.5599999999999998,0.44000000000000017,0.49438675273645805,0.5595576031381109,0.16208579501669665,0.6491769547325102,0.1932895148825688,0.5463092899242211,0.437787603091065,7126,6179,972,0.1364019085040696,3893,2892,3262,341,631
baseline,test,item,2018-06,0.5599999999999998,0.44000000000000017,0.4935185185185185,0.5787022481103333,0.1675407121170301,0.695303550973654,0.2110360562761662,0.5591049382716049,0.44112893460433644,6480,5663,873,0.13472222222222222,3623,2591,3016,266,607
baseline,test,item,2018-07,0.5599999999999998,0.44000000000000017,0.5243579766536965,0.5454612862628158,0.13522906793048972,0.5729585006693441,0.15135466508907489,0.4926070038910506,0.43845148194263506,6425,5697,747,0.11626459143968872,3165,2941,2737,319,428
baseline,test,order_max,2018-04,0.5599999999999998,0.44000000000000017,0.474375400384369,0.5876494561924119,0.16052416052416052,0.7396226415094339,0.2087502036764296,0.5866431774503523,0.42753905693487915,6244,6244,795,0.12732222934016657,3663,2374,3075,207,588
baseline,test,order_max,2018-05,0.5599999999999998,0.44000000000000017,0.5018611425797055,0.5463478987438297,0.1353360173428306,0.6044260027662517,0.1676651469016691,0.5225764686842531,0.42749341129962115,6179,6179,723,0.11700922479365593,3229,2664,2792,286,437
baseline,test,order_max,2018-06,0.5599999999999998,0.44000000000000017,0.4937312378597916,0.5667034302912659,0.1303921568627451,0.6595041322314049,0.1748388375147058,0.5403496380010595,0.42175110270424093,5663,5663,605,0.10683383365707222,3060,2397,2661,206,399
baseline,test,order_max,2018-07,0.5599999999999998,0.44000000000000017,0.5367737405652098,0.5384387325621409,0.1190919240788984,0.5405405405405406,0.13732156114428448,0.47165174653326314,0.4349906056521673,5697,5697,592,0.10391434088116552,2687,2738,2367,272,320
baseline,test,order_mean,2018-04,0.5599999999999998,0.44000000000000017,0.4769378603459321,0.5864317611794213,0.16029694803409403,0.7333333333333333,0.1791297267989133,0.5824791800128123,0.4288372637028167,6244,6244,795,0.12732222934016657,3637,2395,3054,212,583
baseline,test,order_mean,2018-05,0.5599999999999998,0.44000000000000017,0.5075254895614177,0.5477556146392313,0.13613550815558345,0.6002766251728907,0.14591740040656115,0.5159410907913902,0.43084594098652396,6179,6179,723,0.11700922479365593,3188,2702,2754,289,434
baseline,test,order_mean,2018-06,0.5599999999999998,0.44000000000000017,0.4969097651421508,0.5641172318461222,0.1297029702970297,0.6495867768595042,0.14681827953984264,0.5350520925304609,0.4228990565259918,5663,5663,605,0.10683383365707222,3030,2421,2637,212,393
baseline,test,order_mean,2018-07,0.5599999999999998,0.44000000000000017,0.543619448832719,0.5392719114805304,0.11969696969696969,0.5337837837837838,0.12549441324163357,0.46340179041600843,0.4384975896511484,5697,5697,592,0.10391434088116552,2640,2781,2324,276,316
order_weighted_fixed,valid,item,2018-01,0.5599999999999998,0.44000000000000017,0.5835074522914054,0.5948363587671326,0.24276576302162656,0.6126056879323597,0.30454383893927606,0.45730603148070764,0.5209087953187054,7179,6321,1301,0.1812230115614988,3283,3392,2486,504,797
order_weighted_fixed,valid,item,2018-02,0.5599999999999998,0.44000000000000017,0.5880771663504112,0.5791900515443784,0.2723342939481268,0.5637583892617449,0.3209552344458914,0.4389626818469323,0.530950389194823,6324,5536,1341,0.2120493358633776,2776,2963,2020,585,756
order_weighted_fixed,valid,item,2018-03,0.5599999999999998,0.44000000000000017,0.5711586901763224,0.5799312656455513,0.19641626464507236,0.5925155925155925,0.2665364298155728,0.4568639798488665,0.4934431297602653,3176,2764,481,0.15144836272040302,1451,1529,1166,196,285
order_weighted_fixed,valid,order_max,2018-01,0.5599999999999998,0.44000000000000017,0.586141433317513,0.5810737805624799,0.19600725952813067,0.5738575982996812,0.2582897612647362,0.4358487581078943,0.4998932991890739,6321,6321,941,0.14886884986552762,2755,3165,2215,401,540
order_weighted_fixed,valid,order_max,2018-02,0.5599999999999998,0.44000000000000017,0.5917630057803468,0.5687078092269369,0.2270967741935484,0.5327951564076691,0.27270735637889987,0.41997832369942195,0.5135343290007471,5536,5536,991,0.17901011560693642,2325,2748,1797,463,528
order_weighted_fixed,valid,order_max,2018-03,0.5599999999999998,0.44000000000000017,0.5846599131693199,0.5711449435845403,0.1579391891891892,0.5532544378698225,0.23675756781440613,0.4283646888567294,0.47957957938256873,2764,2764,338,0.12228654124457308,1184,1429,997,151,187
order_weighted_fixed,valid,order_mean,2018-01,0.5599999999999998,0.44000000000000017,0.5907293149818067,0.5745622785220184,0.19336810730253354,0.5515409139213603,0.23571272373377766,0.42461635817117543,0.4997211550596,6321,6321,941,0.14886884986552762,2684,3215,2165,422,519
order_weighted_fixed,valid,order_mean,2018-02,0.5599999999999998,0.44000000000000017,0.5960982658959537,0.5579340577851932,0.22122704881325572,0.49848637739656915,0.2514038556358852,0.40335982658959535,0.5107691295912663,5536,5536,991,0.17901011560693642,2233,2806,1739,497,494
order_weighted_fixed,valid,order_mean,2018-03,0.5599999999999998,0.44000000000000017,0.58972503617945,0.5625716473899618,0.1545138888888889,0.5266272189349113,0.19448654746419514,0.41678726483357453,0.47904703970003093,2764,2764,338,0.12228654124457308,1152,1452,974,160,178
order_weighted_fixed,test,item,2018-04,0.5599999999999998,0.44000000000000017,0.49357541899441343,0.5835789600484854,0.19081358416809185,0.7132420091324201,0.25954282995175104,0.5716480446927374,0.45200707451509614,7160,6244,1095,0.15293296089385475,4093,2753,3312,314,781
order_weighted_fixed,test,item,2018-05,0.5599999999999998,0.44000000000000017,0.5326971653101319,0.5644120856855122,0.1669491525423729,0.6080246913580247,0.20819848263683488,0.49677238282346337,0.46003948403163086,7126,6179,972,0.1364019085040696,3540,3205,2949,381,591
order_weighted_fixed,test,item,2018-06,0.5599999999999998,0.44000000000000017,0.5399691358024692,0.5862011587136109,0.17489204194941393,0.6494845360824743,0.22818270538766616,0.5003086419753087,0.4692752940303746,6480,5663,873,0.13472222222222222,3242,2932,2675,306,567
order_weighted_fixed,test,item,2018-07,0.5599999999999998,0.44000000000000017,0.5808560311284047,0.5448748145098887,0.1382899628252788,0.4979919678714859,0.1537875812682728,0.41867704280155643,0.46518707483361166,6425,5697,747,0.11626459143968872,2690,3360,2318,375,372
order_weighted_fixed,test,order_max,2018-04,0.5599999999999998,0.44000000000000017,0.49871877001921844,0.5849446727863055,0.1614960858219774,0.70062893081761,0.23031967281200788,0.5523702754644458,0.4414090777927317,6244,6244,795,0.12732222934016657,3449,2557,2892,238,557
order_weighted_fixed,test,order_max,2018-05,0.5599999999999998,0.44000000000000017,0.5421589253924584,0.5517691132986944,0.13963039014373715,0.5643153526970954,0.17986173924727633,0.47289205373037707,0.44959053190941684,6179,6179,723,0.11700922479365593,2922,2942,2514,315,408
order_weighted_fixed,test,order_max,2018-06,0.5599999999999998,0.44000000000000017,0.5440579198304786,0.5708660529592267,0.13510520487264674,0.6049586776859505,0.19580372027571719,0.4783683559950556,0.4493072551703525,5663,5663,605,0.10683383365707222,2709,2715,2343,239,366
order_weighted_fixed,test,order_max,2018-07,0.5599999999999998,0.44000000000000017,0.5954010882920836,0.5375524459327103,0.12152010605391074,0.46452702702702703,0.14432709532298008,0.3972266104967527,0.4613532757601929,5697,5697,592,0.10391434088116552,2263,3117,1988,317,275
order_weighted_fixed,test,order_mean,2018-04,0.5599999999999998,0.44000000000000017,0.50208199871877,0.583648606691436,0.16129976580796254,0.6930817610062893,0.2003317695371848,0.547085201793722,0.4430381867771421,6244,6244,795,0.12732222934016657,3416,2584,2865,244,551
order_weighted_fixed,test,order_mean,2018-05,0.5599999999999998,0.44000000000000017,0.5510600420780062,0.5508102288444612,0.13979627678257817,0.5504840940525588,0.15677763419624946,0.46075416734099367,0.4536557363045355,6179,6179,723,0.11700922479365593,2847,3007,2449,325,398
order_weighted_fixed,test,order_mean,2018-06,0.5599999999999998,0.44000000000000017,0.5491788804520572,0.5671844618949116,0.13410969196093164,0.5900826446280992,0.16246016903697105,0.4700688680911178,0.45088022209027523,5663,5663,605,0.10683383365707222,2662,2753,2305,248,357
order_weighted_fixed,test,order_mean,2018-07,0.5599999999999998,0.44000000000000017,0.6024223275408109,0.5362436138391085,0.1213218650973291,0.4527027027027027,0.13352070642939484,0.3877479375109707,0.463886794100609,5697,5697,592,0.10391434088116552,2209,3164,1941,324,268
order_weighted_selected,valid,item,2018-01,0.5599999999999998,0.44000000000000017,0.5835074522914054,0.5948363587671326,0.24276576302162656,0.6126056879323597,0.30454383893927606,0.45730603148070764,0.5209087953187054,7179,6321,1301,0.1812230115614988,3283,3392,2486,504,797
order_weighted_selected,valid,item,2018-02,0.5599999999999998,0.44000000000000017,0.5880771663504112,0.5791900515443784,0.2723342939481268,0.5637583892617449,0.3209552344458914,0.4389626818469323,0.530950389194823,6324,5536,1341,0.2120493358633776,2776,2963,2020,585,756
order_weighted_selected,valid,item,2018-03,0.5599999999999998,0.44000000000000017,0.5711586901763224,0.5799312656455513,0.19641626464507236,0.5925155925155925,0.2665364298155728,0.4568639798488665,0.4934431297602653,3176,2764,481,0.15144836272040302,1451,1529,1166,196,285
order_weighted_selected,valid,order_max,2018-01,0.5599999999999998,0.44000000000000017,0.586141433317513,0.5810737805624799,0.19600725952813067,0.5738575982996812,0.2582897612647362,0.4358487581078943,0.4998932991890739,6321,6321,941,0.14886884986552762,2755,3165,2215,401,540
order_weighted_selected,valid,order_max,2018-02,0.5599999999999998,0.44000000000000017,0.5917630057803468,0.5687078092269369,0.2270967741935484,0.5327951564076691,0.27270735637889987,0.41997832369942195,0.5135343290007471,5536,5536,991,0.17901011560693642,2325,2748,1797,463,528
order_weighted_selected,valid,order_max,2018-03,0.5599999999999998,0.44000000000000017,0.5846599131693199,0.5711449435845403,0.1579391891891892,0.5532544378698225,0.23675756781440613,0.4283646888567294,0.47957957938256873,2764,2764,338,0.12228654124457308,1184,1429,997,151,187
order_weighted_selected,valid,order_mean,2018-01,0.5599999999999998,0.44000000000000017,0.5907293149818067,0.5745622785220184,0.19336810730253354,0.5515409139213603,0.23571272373377766,0.42461635817117543,0.4997211550596,6321,6321,941,0.14886884986552762,2684,3215,2165,422,519
order_weighted_selected,valid,order_mean,2018-02,0.5599999999999998,0.44000000000000017,0.5960982658959537,0.5579340577851932,0.22122704881325572,0.49848637739656915,0.2514038556358852,0.40335982658959535,0.5107691295912663,5536,5536,991,0.17901011560693642,2233,2806,1739,497,494
order_weighted_selected,valid,order_mean,2018-03,0.5599999999999998,0.44000000000000017,0.58972503617945,0.5625716473899618,0.1545138888888889,0.5266272189349113,0.19448654746419514,0.41678726483357453,0.47904703970003093,2764,2764,338,0.12228654124457308,1152,1452,974,160,178
order_weighted_selected,test,item,2018-04,0.5599999999999998,0.44000000000000017,0.49357541899441343,0.5835789600484854,0.19081358416809185,0.7132420091324201,0.25954282995175104,0.5716480446927374,0.45200707451509614,7160,6244,1095,0.15293296089385475,4093,2753,3312,314,781
order_weighted_selected,test,item,2018-05,0.5599999999999998,0.44000000000000017,0.5326971653101319,0.5644120856855122,0.1669491525423729,0.6080246913580247,0.20819848263683488,0.49677238282346337,0.46003948403163086,7126,6179,972,0.1364019085040696,3540,3205,2949,381,591
order_weighted_selected,test,item,2018-06,0.5599999999999998,0.44000000000000017,0.5399691358024692,0.5862011587136109,0.17489204194941393,0.6494845360824743,0.22818270538766616,0.5003086419753087,0.4692752940303746,6480,5663,873,0.13472222222222222,3242,2932,2675,306,567
order_weighted_selected,test,item,2018-07,0.5599999999999998,0.44000000000000017,0.5808560311284047,0.5448748145098887,0.1382899628252788,0.4979919678714859,0.1537875812682728,0.41867704280155643,0.46518707483361166,6425,5697,747,0.11626459143968872,2690,3360,2318,375,372
order_weighted_selected,test,order_max,2018-04,0.5599999999999998,0.44000000000000017,0.49871877001921844,0.5849446727863055,0.1614960858219774,0.70062893081761,0.23031967281200788,0.5523702754644458,0.4414090777927317,6244,6244,795,0.12732222934016657,3449,2557,2892,238,557
order_weighted_selected,test,order_max,2018-05,0.5599999999999998,0.44000000000000017,0.5421589253924584,0.5517691132986944,0.13963039014373715,0.5643153526970954,0.17986173924727633,0.47289205373037707,0.44959053190941684,6179,6179,723,0.11700922479365593,2922,2942,2514,315,408
order_weighted_selected,test,order_max,2018-06,0.5599999999999998,0.44000000000000017,0.5440579198304786,0.5708660529592267,0.13510520487264674,0.6049586776859505,0.19580372027571719,0.4783683559950556,0.4493072551703525,5663,5663,605,0.10683383365707222,2709,2715,2343,239,366
order_weighted_selected,test,order_max,2018-07,0.5599999999999998,0.44000000000000017,0.5954010882920836,0.5375524459327103,0.12152010605391074,0.46452702702702703,0.14432709532298008,0.3972266104967527,0.4613532757601929,5697,5697,592,0.10391434088116552,2263,3117,1988,317,275
order_weighted_selected,test,order_mean,2018-04,0.5599999999999998,0.44000000000000017,0.50208199871877,0.583648606691436,0.16129976580796254,0.6930817610062893,0.2003317695371848,0.547085201793722,0.4430381867771421,6244,6244,795,0.12732222934016657,3416,2584,2865,244,551
order_weighted_selected,test,order_mean,2018-05,0.5599999999999998,0.44000000000000017,0.5510600420780062,0.5508102288444612,0.13979627678257817,0.5504840940525588,0.15677763419624946,0.46075416734099367,0.4536557363045355,6179,6179,723,0.11700922479365593,2847,3007,2449,325,398
order_weighted_selected,test,order_mean,2018-06,0.5599999999999998,0.44000000000000017,0.5491788804520572,0.5671844618949116,0.13410969196093164,0.5900826446280992,0.16246016903697105,0.4700688680911178,0.45088022209027523,5663,5663,605,0.10683383365707222,2662,2753,2305,248,357
order_weighted_selected,test,order_mean,2018-07,0.5599999999999998,0.44000000000000017,0.6024223275408109,0.5362436138391085,0.1213218650973291,0.4527027027027027,0.13352070642939484,0.3877479375109707,0.463886794100609,5697,5697,592,0.10391434088116552,2209,3164,1941,324,268
