split,item_group,order_item_id,price,freight_value,freight_ratio,total_price,product_weight_g,product_length_cm,product_height_cm,product_width_cm,order_purchase_month,expected_delivery_days,distance_km,cross_state,is_sp_customer,is_sp_seller,sp_route_type,sp_route_type_customer,sp_route_type_seller
test,1,1.0,84.59,18.23,0.21904773869346733,103.04,625.0,23.0,12.0,19.0,5.0,22.0,411.12892028867714,1.0,0.0,1.0,1.0,0.0,1.0
test,2,1.5,59.99,15.9,0.261974649766511,78.42,650.0,23.0,13.0,20.0,5.0,23.0,367.956582920006,1.0,0.0,1.0,1.0,0.0,1.0
test,3+,2.0,49.9,16.62,0.3160543532964268,65.81,700.0,22.0,15.0,20.0,5.0,22.0,395.1645004402409,1.0,0.0,1.0,1.0,0.0,1.0
train,1,1.0,79.9,16.05,0.21774539219888558,96.8,750.0,25.0,13.0,20.0,8.0,23.0,444.6278680414181,1.0,0.0,1.0,1.0,0.0,1.0
train,2,1.5,59.9,15.51,0.27647058823529413,74.77000000000001,800.0,28.0,13.0,20.0,8.0,23.0,464.3029175730954,1.0,0.0,1.0,1.0,0.0,1.0
train,3+,2.0,49.9,15.16,0.29559090909090907,65.28,800.0,29.0,14.0,20.0,9.0,23.0,429.9569544507118,1.0,0.0,1.0,1.0,0.0,1.0
valid,1,1.0,79.9,15.61,0.20907854568309794,96.245,600.0,23.0,12.0,19.0,2.0,24.0,411.820700084849,1.0,0.0,1.0,1.0,0.0,1.0
valid,2,1.5,60.0,15.1,0.24869023207369073,78.88499999999999,600.0,22.0,12.0,18.0,2.0,24.0,397.6019835625625,1.0,0.0,1.0,1.0,0.0,1.0
valid,3+,2.0,50.0,15.1,0.2912912912912913,67.5,650.0,24.0,14.0,18.0,2.0,23.0,409.1085817872624,1.0,0.0,1.0,1.0,0.0,1.0
