split,item_group,orders,risk_rate,mean_items,multi_seller_rate,multi_product_rate
test,1,21422,0.09681635701615161,1.0,0.0,0.0
test,2,1793,0.26547685443390967,2.0,0.1550474065811489,0.32626882320133854
test,3+,568,0.2904929577464789,3.8433098591549295,0.17077464788732394,0.3362676056338028
train,1,33168,0.10591534008683068,1.0,0.0,0.0
train,2,2830,0.24098939929328622,2.0,0.09929328621908128,0.32932862190812723
train,3+,856,0.316588785046729,3.772196261682243,0.10981308411214953,0.3177570093457944
valid,1,13168,0.13153098420413123,1.0,0.0,0.0
valid,2,1134,0.3377425044091711,2.0,0.10846560846560846,0.318342151675485
valid,3+,319,0.48589341692789967,3.896551724137931,0.11912225705329153,0.25705329153605017
