split,item_group,order_item_id,rows,risk_mean,risk_median,flagged_n,flagged_rate,truth_rate
test,1,1,21422,0.44709648693717063,0.43628581217378576,10312,0.4813742881150219,0.09681635701615161
test,2,1,1793,0.46849689734731026,0.4536630046120398,995,0.554935861684328,0.26547685443390967
test,2,2,1793,0.6090035416316857,0.6107784587279916,1756,0.9793641940881205,0.26547685443390967
test,3+,1,568,0.48402897029918274,0.4733392329296669,361,0.6355633802816901,0.2904929577464789
test,3+,2,568,0.6159532820540191,0.6158421737225653,560,0.9859154929577465,0.2904929577464789
test,3+,3,568,0.6397236234647912,0.6416263223145566,561,0.9876760563380281,0.2904929577464789
test,3+,4,236,0.6510716326034108,0.6512280861049144,236,1.0,0.3389830508474576
test,3+,5,127,0.6475495269096677,0.6522548269296538,127,1.0,0.3700787401574803
test,3+,6,76,0.6564201821803153,0.65829712130498,76,1.0,0.35526315789473684
test,3+,7,16,0.6390776610946071,0.642152082650742,16,1.0,0.4375
test,3+,8,7,0.687014618611183,0.6683067648045611,7,1.0,0.14285714285714285
test,3+,9,5,0.6928271970407884,0.7005329227636877,5,1.0,0.2
test,3+,10,5,0.7283989459540906,0.7071122591843091,5,1.0,0.2
test,3+,11,4,0.7101777379135102,0.7033278313849682,4,1.0,0.25
test,3+,12,3,0.6519133159677405,0.6723323508432342,3,1.0,0.3333333333333333
valid,1,1,13168,0.42147097844201786,0.42038805420992137,5264,0.3997569866342649,0.13153098420413123
valid,2,1,1134,0.4432030612060825,0.43620739662216146,544,0.47971781305114636,0.3377425044091711
valid,2,2,1134,0.5469495103380331,0.5517208680719072,976,0.8606701940035273,0.3377425044091711
valid,3+,1,319,0.4648557468801347,0.45612596337885747,189,0.5924764890282131,0.48589341692789967
valid,3+,2,319,0.5667512548722564,0.5683847294622371,292,0.9153605015673981,0.48589341692789967
valid,3+,3,319,0.5889052766838553,0.5948884481282073,297,0.9310344827586207,0.48589341692789967
valid,3+,4,138,0.5919406066150352,0.6036882386083734,128,0.927536231884058,0.5072463768115942
valid,3+,5,71,0.5856888076809905,0.5837254001158771,65,0.9154929577464789,0.4788732394366197
valid,3+,6,40,0.5939807159772996,0.5964092235573522,37,0.925,0.55
valid,3+,7,8,0.5592456182620815,0.5236186999753185,8,1.0,0.75
valid,3+,8,5,0.4989397552170761,0.5201781979444481,5,1.0,0.8
valid,3+,9,4,0.546175728430671,0.5612087191772187,4,1.0,1.0
valid,3+,10,4,0.546175728430671,0.5612087191772187,4,1.0,1.0
valid,3+,11,3,0.5357414084440324,0.5542485854181554,3,1.0,1.0
valid,3+,12,3,0.5357414084440324,0.5542485854181554,3,1.0,1.0
valid,3+,13,2,0.5612087191772187,0.5612087191772187,2,1.0,1.0
valid,3+,14,2,0.5612087191772187,0.5612087191772187,2,1.0,1.0
valid,3+,15,1,0.568168852936282,0.568168852936282,1,1.0,1.0
valid,3+,16,1,0.568168852936282,0.568168852936282,1,1.0,1.0
valid,3+,17,1,0.568168852936282,0.568168852936282,1,1.0,1.0
valid,3+,18,1,0.568168852936282,0.568168852936282,1,1.0,1.0
valid,3+,19,1,0.568168852936282,0.568168852936282,1,1.0,1.0
valid,3+,20,1,0.568168852936282,0.568168852936282,1,1.0,1.0
