split,feature,pairs,differing_pairs
test,price,3408,761
test,freight_value,3408,583
test,freight_ratio,3408,816
test,total_price,3408,816
test,product_weight_g,3408,864
test,product_length_cm,3408,606
test,product_height_cm,3408,617
test,product_width_cm,3408,613
test,order_purchase_dayofweek,3408,0
test,order_purchase_month,3408,0
test,expected_delivery_days,3408,0
test,main_category,3408,180
test,sub_category,3408,227
test,distance_km,3408,396
test,distance_cat,3408,168
test,cross_state,3408,77
test,is_sp_customer,3408,0
test,is_sp_seller,3408,136
test,sp_route_type,3408,136
test,sp_route_type_customer,3408,60
test,sp_route_type_seller,3408,136
valid,price,2058,389
valid,freight_value,2058,324
valid,freight_ratio,2058,422
valid,total_price,2058,422
valid,product_weight_g,2058,472
valid,product_length_cm,2058,319
valid,product_height_cm,2058,328
valid,product_width_cm,2058,350
valid,order_purchase_dayofweek,2058,0
valid,order_purchase_month,2058,0
valid,expected_delivery_days,2058,0
valid,main_category,2058,53
valid,sub_category,2058,77
valid,distance_km,2058,165
valid,distance_cat,2058,62
valid,cross_state,2058,30
valid,is_sp_customer,2058,0
valid,is_sp_seller,2058,62
valid,sp_route_type,2058,62
valid,sp_route_type_customer,2058,27
valid,sp_route_type_seller,2058,62
