variant,split,unit,item_count_group,positive_threshold,risk_threshold,accuracy,balanced_acc,risk_precision,risk_recall,risk_pr_auc,flagged_rate,macro_f1,n,orders,risk_n,risk_rate,flagged_n,tn,fp,fn,tp
baseline,valid,order_max,1,0.5599999999999998,0.44000000000000017,0.587636695018226,0.530122856632796,0.14874620060790272,0.4520785219399538,0.15049102189348101,0.3997569866342649,0.4715384710896993,13168,13168,1732,0.13153098420413123,5264,6955,4481,949,783
baseline,valid,order_max,2,0.5599999999999998,0.44000000000000017,0.3888888888888889,0.5098284967302082,0.34279918864097364,0.8825065274151436,0.41443978019358585,0.8694885361552028,0.36146729057771354,1134,1134,383,0.3377425044091711,986,103,648,45,338
baseline,valid,order_max,3+,0.5599999999999998,0.44000000000000017,0.5047021943573667,0.5174075531077892,0.49504950495049505,0.967741935483871,0.5657586779959428,0.9498432601880877,0.3886220281416788,319,319,155,0.48589341692789967,303,11,153,5,150
baseline,valid,order_mean,1,0.5599999999999998,0.44000000000000017,0.587636695018226,0.530122856632796,0.14874620060790272,0.4520785219399538,0.15049102189348101,0.3997569866342649,0.4715384710896993,13168,13168,1732,0.13153098420413123,5264,6955,4481,949,783
baseline,valid,order_mean,2,0.5599999999999998,0.44000000000000017,0.4559082892416226,0.5348395351020223,0.35903614457831323,0.7780678851174935,0.4125903763655296,0.7319223985890653,0.45325482626991165,1134,1134,383,0.3377425044091711,830,219,532,85,298
baseline,valid,order_mean,3+,0.5599999999999998,0.44000000000000017,0.5109717868338558,0.5219118804091267,0.49823321554770317,0.9096774193548387,0.5589832089719233,0.8871473354231975,0.4319178082191781,319,319,155,0.48589341692789967,283,22,142,14,141
baseline,test,order_max,1,0.5599999999999998,0.44000000000000017,0.5252544113528148,0.5292626409772468,0.10744763382467029,0.5342333654773385,0.10649516169260005,0.4813742881150219,0.42250462573122194,21422,21422,2074,0.09681635701615161,10312,10144,9204,966,1108
baseline,test,order_max,2,0.5599999999999998,0.44000000000000017,0.2788622420524261,0.5070993089718804,0.2682926829268293,0.9936974789915967,0.3262752221871131,0.9832682654768544,0.23129956799438184,1793,1793,476,0.26547685443390967,1763,27,1290,3,473
baseline,test,order_max,3+,0.5599999999999998,0.44000000000000017,0.2904929577464789,0.49642078351755775,0.28900709219858156,0.9878787878787879,0.33659192810924005,0.9929577464788732,0.22850796924871,568,568,165,0.2904929577464789,564,2,401,2,163
baseline,test,order_mean,1,0.5599999999999998,0.44000000000000017,0.5252544113528148,0.5292626409772468,0.10744763382467029,0.5342333654773385,0.10649516169260005,0.4813742881150219,0.42250462573122194,21422,21422,2074,0.09681635701615161,10312,10144,9204,966,1108
baseline,test,order_mean,2,0.5599999999999998,0.44000000000000017,0.3329615170105968,0.5325223483470838,0.27941176470588236,0.957983193277311,0.325586475382228,0.9102063580591188,0.31171797367076387,1793,1793,476,0.26547685443390967,1632,141,1176,20,456
baseline,test,order_mean,3+,0.5599999999999998,0.44000000000000017,0.30985915492957744,0.5082788179562373,0.294010889292196,0.9818181818181818,0.31383024545630955,0.9700704225352113,0.2595903165735568,568,568,165,0.2904929577464789,551,14,389,3,162
without_sequence_fixed,valid,order_max,1,0.5599999999999998,0.44000000000000017,0.5332624544349939,0.5228244827928821,0.14264896373056996,0.5086605080831409,0.14811528406567437,0.4690157958687728,0.4446490622185522,13168,13168,1732,0.13153098420413123,6176,6141,5295,851,881
without_sequence_fixed,valid,order_max,2,0.5599999999999998,0.44000000000000017,0.5211640211640212,0.5597984236857384,0.38235294117647056,0.6788511749347258,0.41875396477308235,0.599647266313933,0.519279577489529,1134,1134,383,0.3377425044091711,680,331,420,123,260
without_sequence_fixed,valid,order_max,3+,0.5599999999999998,0.44000000000000017,0.554858934169279,0.5603461841070023,0.5294117647058824,0.7548387096774194,0.5861462347173677,0.6927899686520376,0.5401778463537437,319,319,155,0.48589341692789967,221,60,104,38,117
without_sequence_fixed,valid,order_mean,1,0.5599999999999998,0.44000000000000017,0.5332624544349939,0.5228244827928821,0.14264896373056996,0.5086605080831409,0.14811528406567437,0.4690157958687728,0.4446490622185522,13168,13168,1732,0.13153098420413123,6176,6141,5295,851,881
without_sequence_fixed,valid,order_mean,2,0.5599999999999998,0.44000000000000017,0.5132275132275133,0.5410123316865589,0.3697996918335901,0.6266318537859008,0.40294654446046696,0.572310405643739,0.5092571686610973,1134,1134,383,0.3377425044091711,649,342,409,143,240
without_sequence_fixed,valid,order_mean,3+,0.5599999999999998,0.44000000000000017,0.5454545454545454,0.5503147128245476,0.5233644859813084,0.7225806451612903,0.5672942336223386,0.670846394984326,0.5340063066058169,319,319,155,0.48589341692789967,214,62,102,43,112
without_sequence_fixed,test,order_max,1,0.5599999999999998,0.44000000000000017,0.41980207263560826,0.5227567694297951,0.10334788937409024,0.650433944069431,0.10865836279944163,0.6093268602371394,0.36496571335525113,21422,21422,2074,0.09681635701615161,13053,7644,11704,725,1349
without_sequence_fixed,test,order_max,2,0.5599999999999998,0.44000000000000017,0.45454545454545453,0.5723569610076377,0.3048211508553655,0.8235294117647058,0.3285454263033635,0.7172336865588399,0.45438235557679674,1793,1793,476,0.26547685443390967,1286,423,894,84,392
without_sequence_fixed,test,order_max,3+,0.5599999999999998,0.44000000000000017,0.4154929577464789,0.5469283404767276,0.3148558758314856,0.8606060606060606,0.31807544475113936,0.7940140845070423,0.41128871128871125,568,568,165,0.2904929577464789,451,94,309,23,142
without_sequence_fixed,test,order_mean,1,0.5599999999999998,0.44000000000000017,0.41980207263560826,0.5227567694297951,0.10334788937409024,0.650433944069431,0.10865836279944163,0.6093268602371394,0.36496571335525113,21422,21422,2074,0.09681635701615161,13053,7644,11704,725,1349
without_sequence_fixed,test,order_mean,2,0.5599999999999998,0.44000000000000017,0.4578918014500837,0.564573323634693,0.3016,0.792016806722689,0.31759798496685776,0.6971556051310652,0.4571337793892274,1793,1793,476,0.26547685443390967,1250,444,873,99,377
without_sequence_fixed,test,order_mean,3+,0.5599999999999998,0.44000000000000017,0.42077464788732394,0.5452816001203098,0.31447963800904977,0.8424242424242424,0.29586405010502564,0.778169014084507,0.4180309744848226,568,568,165,0.2904929577464789,442,100,303,26,139
without_sequence_selected,valid,order_max,1,0.5499999999999998,0.4500000000000002,0.5704738760631834,0.5234262856164279,0.14430746918056564,0.45958429561200925,0.14811528406567437,0.4188942891859052,0.46166749008657937,13168,13168,1732,0.13153098420413123,5516,6716,4720,936,796
without_sequence_selected,valid,order_max,2,0.5499999999999998,0.4500000000000002,0.5440917107583775,0.5694322278737141,0.39365079365079364,0.6475195822454308,0.41875396477308235,0.5555555555555556,0.5388412785186991,1134,1134,383,0.3377425044091711,630,369,382,135,248
without_sequence_selected,valid,order_max,3+,0.5499999999999998,0.4500000000000002,0.5391849529780565,0.5433320220298977,0.5194174757281553,0.6903225806451613,0.5861462347173677,0.64576802507837,0.5310559316779504,319,319,155,0.48589341692789967,206,65,99,48,107
without_sequence_selected,valid,order_mean,1,0.5499999999999998,0.4500000000000002,0.5704738760631834,0.5234262856164279,0.14430746918056564,0.45958429561200925,0.14811528406567437,0.4188942891859052,0.46166749008657937,13168,13168,1732,0.13153098420413123,5516,6716,4720,936,796
without_sequence_selected,valid,order_mean,2,0.5499999999999998,0.4500000000000002,0.5370370370370371,0.5519516189032552,0.38166666666666665,0.597911227154047,0.40294654446046696,0.5291005291005291,0.528680169892056,1134,1134,383,0.3377425044091711,600,380,371,154,229
without_sequence_selected,valid,order_mean,3+,0.5499999999999998,0.4500000000000002,0.5360501567398119,0.5397521636506688,0.5174129353233831,0.6709677419354839,0.5672942336223386,0.6300940438871473,0.5297234839429437,319,319,155,0.48589341692789967,201,67,97,51,104
without_sequence_selected,test,order_max,1,0.5499999999999998,0.4500000000000002,0.45831388292409675,0.5259968462723753,0.10489220563847429,0.6099324975891997,0.10865836279944163,0.5629726449444497,0.38741063110082785,21422,21422,2074,0.09681635701615161,12060,8553,10795,809,1265
without_sequence_selected,test,order_max,2,0.5499999999999998,0.4500000000000002,0.47518126045733405,0.5763424959961205,0.3092698933552092,0.792016806722689,0.3285454263033635,0.6798661461238148,0.4736087256980356,1793,1793,476,0.26547685443390967,1219,475,842,99,377
without_sequence_selected,test,order_max,3+,0.5499999999999998,0.4500000000000002,0.43133802816901406,0.5491465523723589,0.31712962962962965,0.8303030303030303,0.31807544475113936,0.7605633802816901,0.4298517945323401,568,568,165,0.2904929577464789,432,108,295,28,137
without_sequence_selected,test,order_mean,1,0.5499999999999998,0.4500000000000002,0.45831388292409675,0.5259968462723753,0.10489220563847429,0.6099324975891997,0.10865836279944163,0.5629726449444497,0.38741063110082785,21422,21422,2074,0.09681635701615161,12060,8553,10795,809,1265
without_sequence_selected,test,order_mean,2,0.5499999999999998,0.4500000000000002,0.482989403234802,0.5736083727340595,0.3090601185436071,0.7668067226890757,0.31759798496685776,0.6586726157278304,0.47999767234720325,1793,1793,476,0.26547685443390967,1181,501,816,111,365
without_sequence_selected,test,order_mean,3+,0.5499999999999998,0.4500000000000002,0.4295774647887324,0.5371682081359501,0.31116389548693585,0.793939393939394,0.29586405010502564,0.7411971830985915,0.42900403350915295,568,568,165,0.2904929577464789,421,113,290,34,131
