variant,split,unit,positive_threshold,risk_threshold,accuracy,balanced_acc,risk_precision,risk_recall,risk_pr_auc,flagged_rate,macro_f1,n,orders,risk_n,risk_rate,flagged_n,tn,fp,fn,tp
baseline,valid,item,0.5599999999999998,0.44000000000000017,0.566760597158103,0.5782207310819969,0.2379614254694086,0.5965417867435159,0.294861164085122,0.46939264943941483,0.5088544662232092,16679,14621,3123,0.18724144133341328,7829,7590,5966,1260,1863
baseline,valid,order_max,0.5599999999999998,0.44000000000000017,0.5704124204910744,0.5661271073665047,0.19395696627498857,0.5599118942731277,0.2443483705071834,0.4481909582107927,0.49025247928836585,14621,14621,2270,0.15525613843102387,6553,7069,5282,999,1271
baseline,valid,order_mean,0.5599999999999998,0.44000000000000017,0.5757472129129334,0.5604754399312046,0.1916261564999216,0.5383259911894274,0.21921895658209536,0.43615347787429043,0.49072588469217493,14621,14621,2270,0.15525613843102387,6377,7196,5155,1048,1222
baseline,test,item,0.5599999999999998,0.44000000000000017,0.4951638409767938,0.571351207663376,0.16586794462193824,0.6758882560347166,0.20035174085185778,0.5525357655106469,0.44077248636196303,27191,23783,3687,0.13559633702327975,15024,10972,12532,1195,2492
baseline,test,order_max,0.5599999999999998,0.44000000000000017,0.501072194424589,0.5626111414726181,0.1379856001265923,0.6423572744014733,0.17219496992817487,0.5314300130345204,0.4294000185788819,23783,23783,2715,0.11415717108859269,12639,10173,10895,971,1744
baseline,test,order_mean,0.5599999999999998,0.44000000000000017,0.5056132531640247,0.5622865414140863,0.13813525410164065,0.6357274401473296,0.14922814885096758,0.5253752680486061,0.43178060822202435,23783,23783,2715,0.11415717108859269,12495,10299,10769,989,1726
without_sequence_fixed,valid,item,0.5599999999999998,0.44000000000000017,0.5310869956232388,0.5476494392823328,0.21644133268952198,0.5741274415626001,0.24450506486925094,0.4966724623778404,0.479037403681655,16679,14621,3123,0.18724144133341328,8284,7065,6491,1330,1793
without_sequence_fixed,valid,order_max,0.5599999999999998,0.44000000000000017,0.5327952944395048,0.5415245408083742,0.1777589374028543,0.5541850220264317,0.2003656081067739,0.4840298201217427,0.4629123374876548,14621,14621,2270,0.15525613843102387,7077,6532,5819,1012,1258
without_sequence_fixed,valid,order_mean,0.5599999999999998,0.44000000000000017,0.5319745571438342,0.5365442060551198,0.17516692712032958,0.5431718061674009,0.1901029390409186,0.48143081868545246,0.46080243776367236,14621,14621,2270,0.15525613843102387,7039,6545,5806,1037,1233
without_sequence_fixed,test,item,0.5599999999999998,0.44000000000000017,0.42532455591923796,0.5468468985560548,0.15295622347537935,0.7135882831570383,0.16608448185991953,0.6325990217351329,0.39269182803155356,27191,23783,3687,0.13559633702327975,17201,8934,14570,1056,2631
without_sequence_fixed,test,order_max,0.5599999999999998,0.44000000000000017,0.422318462767523,0.5404595257800664,0.127315753887762,0.6935543278084715,0.14215526213026164,0.6218727662616155,0.3790505872373513,23783,23783,2715,0.11415717108859269,14790,8161,12907,832,1883
without_sequence_fixed,test,order_mean,0.5599999999999998,0.44000000000000017,0.42269688432914265,0.5377853908819674,0.1264835537470329,0.6869244935543278,0.13521285082454665,0.6199806584535172,0.37878794277782457,23783,23783,2715,0.11415717108859269,14745,8188,12880,850,1865
without_sequence_selected,valid,item,0.5499999999999998,0.4500000000000002,0.5610048564062594,0.5444913484671501,0.2176193678547411,0.5180915786103106,0.24450506486925094,0.44577013010372324,0.4926785459101438,16679,14621,3123,0.18724144133341328,7435,7739,5817,1505,1618
without_sequence_selected,valid,order_max,0.5499999999999998,0.4500000000000002,0.567745024280145,0.5429744760184572,0.18120277078085642,0.5070484581497797,0.2003656081067739,0.43444360850831,0.4802464361013634,14621,14621,2270,0.15525613843102387,6352,7150,5201,1119,1151
without_sequence_selected,valid,order_mean,0.5499999999999998,0.4500000000000002,0.5671294713083921,0.5386549342167446,0.17872407788507202,0.4973568281938326,0.1901029390409186,0.43204979139593735,0.4782703594803661,14621,14621,2270,0.15525613843102387,6317,7163,5188,1141,1129
without_sequence_selected,test,item,0.5499999999999998,0.4500000000000002,0.4596373800154463,0.5498868049258863,0.15550269187429572,0.6737184703010578,0.16608448185991953,0.5874737964767754,0.41475484037541654,27191,23783,3687,0.13559633702327975,15974,10014,13490,1203,2484
without_sequence_selected,test,order_max,0.5499999999999998,0.4500000000000002,0.4589412605642686,0.5444460295365599,0.12974983589818395,0.6552486187845303,0.14215526213026164,0.5765042257074381,0.40168862263180516,23783,23783,2715,0.11415717108859269,13711,9136,11932,936,1779
without_sequence_selected,test,order_mean,0.5499999999999998,0.4500000000000002,0.4594878694866081,0.5418668253390495,0.12889767237593325,0.6486187845303868,0.13521285082454665,0.57444393053862,0.40144657884188467,23783,23783,2715,0.11415717108859269,13662,9167,11901,954,1761
