feature,used_in_ablation,train_unique_including_na,train_missing,exact_duplicate_columns
order_item_id,False,21,0,
price,True,3335,0,
freight_value,True,4330,0,
freight_ratio,True,18163,0,
total_price,True,14458,0,
product_weight_g,True,1435,0,
product_length_cm,True,98,0,
product_height_cm,True,97,0,
product_width_cm,True,87,0,
order_purchase_dayofweek,True,7,0,
order_purchase_month,True,12,0,
expected_delivery_days,True,82,0,
main_category,True,6,0,
sub_category,True,21,0,
distance_km,True,35733,0,
distance_cat,True,5,0,
cross_state,True,2,0,
is_sp_customer,True,2,0,
is_sp_seller,True,2,0,
sp_route_type,True,3,0,
sp_route_type_customer,True,3,0,
sp_route_type_seller,True,3,0,
