variant,capacity,reviewed_orders,reviewed_fraction,tp,fp,fn,precision,recall,lift,selected_multi_item_orders,positive_score_boundary,boundary_tie_orders,boundary_tie_selected,tp_min_with_ties,tp_max_with_ties,tp_expected_random_tie,tp_delta_vs_baseline
baseline,5%,732,0.050064975035907254,274,458,1996,0.3743169398907104,0.12070484581497798,2.410963867022941,511,0.39474488890419046,1,1,274,274,274.0,0
baseline,10%,1463,0.1000615552971753,450,1013,1820,0.30758714969241285,0.19823788546255505,1.9811593461025412,813,0.4475270804756318,1,1,450,450,450.0,0
baseline,20%,2925,0.20005471581971138,717,2208,1553,0.24512820512820513,0.3158590308370044,1.5788632102112279,1030,0.4951399365856933,1,1,717,717,717.0,0
baseline,30%,4387,0.30004787634224744,968,3419,1302,0.22065192614542967,0.426431718061674,1.421212252058294,1177,0.5261655377212644,1,1,968,968,968.0,0
baseline,40%,5849,0.40004103686478354,1190,4659,1080,0.20345358180885623,0.5242290748898678,1.3104382465318445,1256,0.5502127755404008,1,1,1190,1190,1190.0,0
baseline,50%,7311,0.5000341973873196,1376,5935,894,0.18820954725755712,0.6061674008810573,1.2122518900672874,1322,0.5706695381335092,1,1,1376,1376,1376.0,0
baseline,historical_baseline_threshold_count,6553,0.4481909582107927,1271,5282,999,0.19395696627498857,0.5599118942731277,1.249270838725378,1289,0.5599793685662761,1,1,1271,1271,1271.0,0
without_sequence,5%,732,0.050064975035907254,191,541,2079,0.2609289617486339,0.0841409691629956,1.680635396355408,194,0.4272098739153668,1,1,191,191,191.0,-83
without_sequence,10%,1463,0.1000615552971753,328,1135,1942,0.22419685577580314,0.1444933920704846,1.4440450344925189,295,0.4564230485885214,1,1,328,328,328.0,-122
without_sequence,20%,2925,0.20005471581971138,604,2321,1666,0.2064957264957265,0.26607929515418505,1.3300326066493469,481,0.4923465496552228,1,1,604,604,604.0,-113
without_sequence,30%,4387,0.30004787634224744,865,3522,1405,0.1971734670617734,0.381057268722467,1.2699882211058102,647,0.5188838077025499,1,1,865,865,865.0,-103
without_sequence,40%,5849,0.40004103686478354,1081,4768,1189,0.1848179175927509,0.4762114537444934,1.1904065079839696,788,0.5425974950258381,1,1,1081,1081,1081.0,-109
without_sequence,50%,7311,0.5000341973873196,1289,6022,981,0.1763096703597319,0.56784140969163,1.1356051499249518,924,0.563467121525491,1,1,1289,1289,1289.0,-87
without_sequence,historical_baseline_threshold_count,6553,0.4481909582107927,1178,5375,1092,0.17976499313291622,0.518942731277533,1.1578607773552283,854,0.5530154216887951,1,1,1178,1178,1178.0,-93
order_weighted,5%,732,0.050064975035907254,305,427,1965,0.4166666666666667,0.1343612334801762,2.6837371512481645,567,0.40176255366723185,1,1,305,305,305.0,31
order_weighted,10%,1463,0.1000615552971753,475,988,1795,0.3246753246753247,0.2092511013215859,2.091223754219349,859,0.4557062206824082,1,1,475,475,475.0,25
order_weighted,20%,2925,0.20005471581971138,735,2190,1535,0.2512820512820513,0.3237885462555066,1.61849994352197,1078,0.502088384037058,1,1,735,735,735.0,18
order_weighted,30%,4387,0.30004787634224744,977,3410,1293,0.2227034419876909,0.4303964757709251,1.4344260023356954,1209,0.5306051167699879,1,1,977,977,977.0,9
order_weighted,40%,5849,0.40004103686478354,1207,4642,1063,0.20636006154898273,0.5317180616740088,1.3291587929108708,1296,0.5542224543132573,1,1,1207,1207,1207.0,17
order_weighted,50%,7311,0.5000341973873196,1384,5927,886,0.1893037888113801,0.6096916299559472,1.2192998661723298,1340,0.574191629168675,1,1,1384,1384,1384.0,8
order_weighted,historical_baseline_threshold_count,6553,0.4481909582107927,1293,5260,977,0.19731420723332824,0.5696035242290749,1.2708947242107895,1320,0.5642551472825142,1,1,1293,1293,1293.0,22
