order_purchase_timestamp,orders,risk_rate
2016-09,1,1.0
2016-10,238,0.17647058823529413
2016-12,1,0.0
2017-01,677,0.12998522895125553
2017-02,1472,0.12296195652173914
2017-03,2296,0.12325783972125436
2017-04,2086,0.14189837008628955
2017-05,3198,0.11069418386491557
2017-06,2840,0.11725352112676056
2017-07,3500,0.10771428571428572
2017-08,3876,0.10036119711042311
2017-09,3808,0.11108193277310924
2017-10,4073,0.12079548244537196
2017-11,6562,0.18271868332825358
2017-12,5006,0.1574111066719936
2018-01,6361,0.15107687470523504
2018-02,5894,0.21394638615541228
2018-03,6310,0.23312202852614897
2018-04,6245,0.12746196957566053
2018-05,6179,0.11700922479365593
2018-06,5664,0.10699152542372882
2018-07,5697,0.10391434088116552
2018-08,5888,0.10258152173913043
