population,variant,track,quantile,positive_threshold,risk_threshold,accuracy,balanced_acc,risk_precision,risk_recall,risk_pr_auc,flagged_rate,macro_f1,high_risk_unique_orders,mae,pinball_loss,quantile_coverage,current_over_3_rate,recommended_over_3_rate,avg_adjustment_days,adjusted_item_row_share
UI,legacy,B,,0.54,0.45999999999999996,0.6215161371028272,0.6198103874975402,0.232706676307544,0.6173273657289002,0.2944221240578003,0.4152114085564173,0.5365033278087346,6923.0,,,,,,,
UI,legacy,C,0.9,,,,,,,,,,,8.745040360136533,1.4752373062766053,0.8934701025769327,0.04793595196397298,0.03437578183637728,1.1486114585939455,0.22261696272204154
UI,train_only,B,,0.54,0.45999999999999996,0.6215161371028272,0.6198103874975402,0.232706676307544,0.6173273657289002,0.29442061985128665,0.4152114085564173,0.5365033278087346,6923.0,,,,,,,
UI,train_only,C,0.9,,,,,,,,,,,8.739462736974122,1.4754520940235951,0.8940705529146861,0.04793595196397298,0.03437578183637728,1.15151363522642,0.2229672254190643
Track C evaluation,legacy,C,0.8,,,,,,,,,,,6.255333526870425,2.102718027996747,0.7939207775536402,0.05043095543737392,0.04506693563176233,0.24472767284063818,0.07775536401980561
Track C evaluation,train_only,C,0.8,,,,,,,,,,,6.250909973813337,2.1015743349856475,0.7941958554923895,0.05043095543737392,0.045158628278012106,0.24734091325875665,0.07766367137355584
Track C evaluation,legacy,C,0.9,,,,,,,,,,,8.940274683714781,1.5575662685646334,0.8905189803777737,0.05043095543737392,0.03502659086741244,1.2229048230331927,0.23858426554190354
Track C evaluation,train_only,C,0.9,,,,,,,,,,,8.919922610847145,1.5544912098223216,0.8898312855309004,0.05043095543737392,0.0351182835136622,1.2311113148725472,0.24005134788189988
Track C evaluation,legacy,C,0.95,,,,,,,,,,,12.225515546697116,1.0706806363456627,0.9413625527232716,0.05043095543737392,0.02443609022556391,3.0612965340179716,0.4385200806895287
Track C evaluation,train_only,C,0.95,,,,,,,,,,,12.219453887146582,1.0712219108609733,0.9407207041995232,0.05043095543737392,0.02480286081056299,3.042362002567394,0.43829084907390425
